pitch,got
aid,-228158923.40205193
ancient,actually
language,144200383
old,-1037561536.5202203
hold,1909278437.9867988
history,776587123.7521992
unknown,asleep
length,person
major,-1364856487
angle,properly
construction,981756988.2336569
obtain,worry
fat,1269792061
smooth,proper
ask,product
